name,dpi,datebirth,address
frankie,1006059330142,1964-11-09t01:30:56.912z,6154 stark canyon
frankie,1018408778216,1967-12-09t07:23:12.300z,40764 washington avenue
frankie,1027284108474,1972-09-23t23:30:59.101z,4843 rowe lights
frankie,1047205046936,1973-09-06t09:31:27.637z,64607 w franklin street
frankie,1089103194977,1967-06-24t00:03:35.741z,53763 padberg meadows
frankie,1095766676589,1977-09-10t16:00:41.796z,67972 roman way
frankie,1119125713966,1973-01-25t10:25:31.077z,8454 bergnaum orchard
frankie,1149200594983,1979-12-02t04:23:18.522z,72241 commerce street
frankie,1169305553193,1960-09-20t09:23:45.209z,2493 jayne way
frankie,1189374512713,1975-08-19t21:08:16.231z,74901 gulgowski track
frankie,1207048411573,1974-07-10t00:10:31.129z,3572 ward via
frankie,1232363384775,1986-01-18t14:50:55.355z,73935 n poplar street
frankie,1261401865444,1978-07-24t22:38:35.740z,2661 hodkiewicz mews
frankie,1264309369120,1969-10-08t16:14:22.558z,103 w state street
frankie,1321860731579,1976-06-06t16:41:27.224z,218 n pine street
frankie,1333008654974,1963-07-13t04:29:47.434z,43886 brown ranch
frankie,1337591476272,1981-01-08t07:50:37.290z,7471 hilbert pine
frankie,1347495610639,1991-05-31t17:18:12.577z,53135 the laurels
frankie,1370478346664,1981-07-15t04:21:29.705z,828 dark lane
frankie,1388395550753,1984-11-17t01:49:06.551z,242 blick skyway
frankie,1400011771358,1992-01-17t21:19:37.944z,67251 carrie mission
frankie,1427355027850,1964-05-28t08:42:13.191z,58463 pfeffer extension
frankie,1435861378535,1960-05-02t19:03:51.336z,52399 leffler overpass
frankie,1456701781414,1979-06-30t12:02:28.961z,60885 kyla keys
frankie,1479938094410,1971-05-10t16:20:39.313z,77185 wilson creek
frankie,1492366077378,1964-05-13t05:57:07.385z,51262 mitchell garden
frankie,1511906820535,1984-01-06t04:45:31.768z,906 shane island
frankie,1521358970180,1978-08-21t14:31:45.650z,5287 goyette ramp
frankie,1530090001877,1970-11-15t21:47:26.807z,52190 pouros way
frankie,1542327629681,1962-02-23t02:19:26.459z,18439 walsh route
frankie,1548064933996,1983-02-07t06:02:28.786z,47425 koelpin junctions
frankie,1558015025872,1981-08-24t11:03:28.823z,26967 hills burgs
frankie,1623350036889,1989-04-20t03:00:57.667z,290 green lane
frankie,1644581558741,1974-10-20t13:59:56.629z,79864 lincoln avenue
frankie,1659624556917,1970-02-23t13:22:24.816z,69503 pagac ville
frankie,1663962940592,1961-07-28t15:44:39.515z,8230 rodriguez trail
frankie,1737785133719,1967-08-26t19:31:05.204z,2494 st john's road
frankie,1755353912152,1976-01-11t18:12:12.870z,520 county road
frankie,1803322439268,1968-03-31t00:33:55.896z,56056 pfannerstill ford
frankie,1813842512481,1975-12-31t10:41:10.415z,4497 gilberto terrace
frankie,1816815726366,1981-09-03t19:04:31.589z,2560 delia mount
frankie,1892987535055,1963-12-26t04:47:54.524z,5799 lee street
frankie,1898054072261,1963-04-30t06:19:34.153z,3392 e elm street
frankie,1918586086202,1976-01-24t06:53:26.411z,56933 savannah plaza
frankie,1928096313309,1972-05-20t11:28:43.083z,524 greenwood road
frankie,1939073009696,1969-11-05t03:41:32.513z,9460 victoria trafficway
frankie,1981553182751,1990-04-29t14:54:49.652z,965 oberbrunner cape
frankie,2006602841709,1967-09-27t12:57:58.214z,77288 anderson mission
frankie,2072648884076,1966-07-09t03:15:31.150z,152 trantow pine
frankie,2127032389119,1967-10-12t11:38:15.615z,8611 luna spring
frankie,2154909450281,1967-02-21t06:30:43.081z,3985 bosco plains
frankie,2191947138123,1981-02-25t06:59:37.243z,9413 college street
frankie,219394930171,1961-06-04t16:23:37.699z,108 airport road
frankie,2222491253167,1986-04-12t07:49:09.653z,9824 samara well
frankie,2307013662253,1961-02-05t20:09:48.577z,1562 5th avenue
frankie,2362068912294,1974-03-04t04:02:27.933z,9861 yost forks
frankie,2367791886628,1961-11-22t20:26:29.945z,91452 e grand avenue
frankie,2427722917125,1991-09-05t03:19:21.803z,629 fahey ports
frankie,2430722853448,1966-09-29t12:59:15.748z,746 lang inlet
frankie,2433109459933,1965-12-10t13:02:42.101z,792 bianka cliffs
frankie,2446213729866,1968-08-15t10:20:15.257z,91605 cleveland rapids
frankie,2446966844332,1977-11-10t08:43:14.374z,60258 stoltenberg extensions
frankie,247772835939,1963-12-26t00:58:22.434z,18910 hollis crossing
frankie,2509499491658,1978-03-05t18:57:59.765z,648 o'reilly fort
frankie,2518698400073,1961-03-29t15:22:04.973z,136 lonnie cliffs
frankie,2551239995565,1981-03-24t19:18:53.685z,57602 center road
frankie,2625172683597,1963-07-22t02:16:18.404z,963 jaiden oval
frankie,2628884020914,1991-03-16t06:54:50.394z,86273 jaime shores
frankie,2642010710575,1973-01-24t03:44:17.934z,531 bauch circles
frankie,2663523852639,1987-11-04t18:49:05.758z,243 lake street
frankie,2684113430977,1986-06-06t14:58:37.271z,50970 n division street
frankie,2687405059766,1994-05-26t05:29:12.434z,25752 ramona unions
frankie,2718928366714,1972-01-06t01:14:37.129z,93641 maximilian villages
frankie,2724447341729,1985-07-18t13:44:17.729z,6791 schumm crossing
frankie,2735854903050,1982-10-27t13:06:16.605z,9089 pfeffer hills
frankie,2743761968986,1965-09-08t01:14:11.923z,829 frami dale
frankie,275052461213,1989-10-26t19:45:25.321z,341 marlborough road
frankie,2787884130609,1963-03-15t01:17:59.962z,26141 hammes divide
frankie,2798044263851,1973-04-08t16:01:19.498z,94748 ayden trail
frankie,2861881526187,1964-02-01t09:19:57.757z,814 hackett row
frankie,2883436660748,1965-11-09t02:38:24.729z,814 kameron landing
frankie,296685523073,1960-08-20t15:01:29.881z,726 goyette forge
frankie,2976414099616,1962-06-04t17:35:05.157z,672 joyce curve
frankie,299637414420,1976-07-19t14:28:16.427z,9881 church road
frankie,2997576780711,1967-06-11t07:20:39.695z,5245 clark circles
frankie,305520248784,1982-10-08t14:17:05.009z,85375 birch grove
frankie,314763620494,1967-08-12t11:13:35.663z,632 volkman field
frankie,348959417733,1962-03-24t19:24:59.728z,312 miguel valley
frankie,393514369427,1967-06-17t00:08:24.286z,938 brook lane
frankie,398913084342,1964-03-01t16:55:04.277z,228 the dell
frankie,411192831116,1992-04-25t19:16:17.798z,52969 enid dale
frankie,427505832257,1977-01-24t16:44:41.881z,8154 darrion divide
frankie,434807578566,1967-03-23t12:38:39.958z,1625 s elm street
frankie,461052478942,1971-05-27t16:33:23.011z,15936 bridge street
frankie,489305247551,1977-04-30t15:31:12.398z,65444 rolfson stream
frankie,500895173381,1975-05-05t16:51:56.183z,8350 marlborough road
frankie,501561206205,1960-09-25t23:06:59.333z,3818 stracke meadows
frankie,576454645767,1966-12-13t16:30:32.790z,82252 wuckert key
frankie,583966280891,1966-01-18t09:01:50.980z,6661 the laurels
frankie,590443361270,1972-05-13t19:21:57.899z,584 gladstone road
frankie,593545137531,1971-09-11t09:01:11.498z,3103 bailey cape
frankie,663950455840,1979-06-09t21:23:12.008z,824 mauricio rest
frankie,667894056066,1967-03-13t17:41:06.709z,573 jenkins streets
frankie,717092757392,1973-09-15t00:17:20.591z,1992 brown land
frankie,743774131219,1961-10-19t16:23:16.200z,60931 turcotte loop
frankie,765754647366,1972-06-04t21:50:26.714z,9327 renner lane
frankie,785654677915,1961-07-06t14:24:02.907z,61319 s central avenue
frankie,796053221728,1993-12-19t12:40:27.804z,5687 alverta tunnel
frankie,821282316743,1972-05-13t09:11:56.710z,52207 kuvalis points
frankie,822514077089,1962-08-17t00:54:20.923z,7574 mcglynn flats
frankie,867381819523,1966-09-11t09:51:56.928z,9895 cecile hill
frankie,881915616709,1962-04-06t10:39:27.844z,70003 jacobson cove
frankie,884669713768,1966-06-29t02:38:12.869z,184 addie forks
frankie,913771963212,1966-12-23t07:18:47.237z,5779 13th street
frankie,952424343488,1967-01-01t09:41:48.190z,7844 nienow well
frankie,993070140759,1963-09-16t22:38:26.685z,252 bechtelar burgs
